system,type,mean_precision,mean_recall,mean_f1,n
EMB,CV,0.6050247317598842,0.7690369724120464,0.6356134679232295,80
EMB,JD,0.45953084860310034,0.7058655128797459,0.4897009151229139,80
QA,CV,0.6337569332212047,0.582363690132357,0.5751812328109394,80
QA,JD,0.5343053758643973,0.4850114873798123,0.47716370249612294,80
