system,type,mean_precision,mean_recall,mean_f1,n
EMB,CV,0.6334220683133484,0.757661293263051,0.6345472988508514,80
EMB,JD,0.40621134720280755,0.46264797402150276,0.39039499147377094,80
QA,CV,0.6337569332212047,0.582363690132357,0.5751812328109394,80
QA,JD,0.5343053758643973,0.4850114873798123,0.47716370249612294,80
