system,type,mean_precision,mean_recall,mean_f1,n
EMB,CV,0.6256569167981968,0.732661293263051,0.6228922871958397,80
EMB,JD,0.40209435263581517,0.44071345021197894,0.38370648865821894,80
QA,CV,0.6109203947596663,0.5615303567990236,0.5566544470966537,80
QA,JD,0.5243053758643973,0.4700114873798123,0.4651435004759209,80
